{"Au": {"Au": 1, "Pt": 0.9718814737777022, "Cu": 0.8903051341804679, "Ag": 0.7535847547729595, "Pd": 2.9452404114642707}, "Pt": {"Pt": 1, "Au": 1.0281185262222978, "Cu": 1.455181887782899, "Ag": 1.1036813464125739, "Pd": 0.8134202868192228}, "Cu": {"Cu": 1, "Au": 1.1096948658195323, "Pt": 0.5448181122171011, "Pd": 1.7074601493955268, "Ag": 1.0437170389338972}, "Pd": {"Pd": 1, "Cu": 0.29253985060447313, "Ag": 0.5113800532743294, "Pt": 1.1865797131807772, "Au": -0.9452404114642707}, "Ag": {"Ag": 1, "Pd": 1.4886199467256704, "Cu": 0.9562829610661027, "Au": 1.2464152452270405, "Pt": 0.8963186535874262}}