{"Pd": {"Pd": 1, "Pt": 1.183623716867151, "Au": -0.9064624645367215}, "Pt": {"Pt": 1, "Pd": 0.8163762831328488, "Au": 0.9139232672314856}, "Au": {"Au": 1, "Pt": 1.0860767327685144, "Pd": 2.9064624645367214}}