{"Au": {"Au": 1, "Cu": 0.8903051341804679, "Ag": 0.7535847547729595, "Pt": 1.0860767327685144, "Pd": 2.9064624645367214}, "Cu": {"Cu": 1, "Au": 1.1096948658195323, "Pt": 0.5448181122171011, "Pd": 1.7074601493955268, "Ag": 1.0437170389338972}, "Pt": {"Pt": 1, "Cu": 1.455181887782899, "Ag": 1.1036813464125739, "Pd": 0.8163762831328488, "Au": 0.9139232672314856}, "Pd": {"Pd": 1, "Cu": 0.29253985060447313, "Ag": 0.5113800532743294, "Pt": 1.183623716867151, "Au": -0.9064624645367215}, "Ag": {"Ag": 1, "Pd": 1.4886199467256704, "Cu": 0.9562829610661027, "Au": 1.2464152452270405, "Pt": 0.8963186535874262}}